Price,Close,High,Low,Open,Volume
Ticker,ETH-USD,ETH-USD,ETH-USD,ETH-USD,ETH-USD
Date,,,,,
2022-01-01,3769.697021484375,3769.91796875,3682.28662109375,3683.047119140625,9776191466
2022-01-02,3829.56494140625,3836.161865234375,3727.357421875,3769.29833984375,9881471548
2022-01-03,3761.38037109375,3836.19873046875,3698.047607421875,3829.53564453125,12080777893
2022-01-04,3794.056640625,3876.78515625,3723.349853515625,3761.361572265625,14030925983
2022-01-05,3550.386962890625,3842.059814453125,3456.745361328125,3794.26904296875,18061338502
2022-01-06,3418.408203125,3549.708984375,3335.376708984375,3549.708984375,24293791313
2022-01-07,3193.21044921875,3420.4619140625,3117.38134765625,3417.837890625,24494179209
2022-01-08,3091.97265625,3240.304443359375,3020.880859375,3193.50244140625,16037732700
2022-01-09,3157.75146484375,3206.790771484375,3075.911376953125,3091.6962890625,12334683863
2022-01-10,3083.097900390625,3177.21337890625,2947.68359375,3157.570556640625,19535744145
2022-01-11,3238.111572265625,3247.511962890625,3061.140625,3082.990966796875,15211447193
2022-01-12,3372.25830078125,3401.219970703125,3216.718017578125,3238.449951171875,16662871689
2022-01-13,3248.28857421875,3396.9697265625,3247.91748046875,3372.10498046875,15294466275
2022-01-14,3310.00146484375,3330.76611328125,3203.82373046875,3248.648681640625,13562957230
2022-01-15,3330.53076171875,3364.537841796875,3278.6708984375,3309.84423828125,9619999078
2022-01-16,3350.921875,3376.401123046875,3291.563720703125,3330.38720703125,9505934874
2022-01-17,3212.304931640625,3355.8193359375,3157.22412109375,3350.947265625,12344309617
2022-01-18,3164.025146484375,3236.01611328125,3096.12353515625,3212.28759765625,13024154091
2022-01-19,3095.825927734375,3171.158447265625,3055.21240234375,3163.850341796875,13187424144
2022-01-20,3001.1201171875,3265.3369140625,3000.908203125,3095.271728515625,10645922764
2022-01-21,2557.931640625,3029.0810546875,2496.81298828125,3002.956787109375,26796291874
2022-01-22,2405.18115234375,2615.247314453125,2330.247314453125,2561.145263671875,27369692036
2022-01-23,2535.0390625,2542.144775390625,2381.51513671875,2406.92431640625,16481489511
2022-01-24,2440.352294921875,2537.20849609375,2172.30126953125,2535.89111328125,28220804648
2022-01-25,2455.93505859375,2498.507080078125,2359.384765625,2440.3935546875,16179776932
2022-01-26,2468.0302734375,2705.7841796875,2417.68310546875,2455.5791015625,21229909340
2022-01-27,2423.001220703125,2510.45166015625,2328.4521484375,2467.1884765625,16126522783
2022-01-28,2547.092041015625,2548.778564453125,2367.833740234375,2421.64697265625,14666227351
2022-01-29,2597.084716796875,2627.609375,2526.98974609375,2546.590576171875,11172062661
2022-01-30,2603.466552734375,2631.408447265625,2550.4609375,2598.56494140625,9501221177
2022-01-31,2688.27880859375,2697.7353515625,2489.072265625,2603.263427734375,13778234614
2022-02-01,2792.1171875,2802.3154296875,2682.621826171875,2687.89892578125,13194846235
2022-02-02,2682.85400390625,2802.212158203125,2630.120361328125,2791.958984375,13876301217
2022-02-03,2679.16259765625,2712.482666015625,2587.783447265625,2682.22607421875,12755505065
2022-02-04,2983.5869140625,2983.5869140625,2675.44384765625,2681.0576171875,18987223729
2022-02-05,3014.648193359375,3054.130126953125,2966.781005859375,2984.446044921875,13102093957
2022-02-06,3057.47607421875,3061.26123046875,2965.429931640625,3014.959716796875,9466018022
2022-02-07,3142.470703125,3182.5283203125,3002.927001953125,3057.422119140625,15197063785
2022-02-08,3122.608642578125,3219.47265625,3038.3779296875,3143.008544921875,17136080906
2022-02-09,3239.45703125,3263.15576171875,3063.16015625,3121.1826171875,13951308490
2022-02-10,3077.482177734375,3271.316162109375,3070.378173828125,3240.113037109375,18629485080
2022-02-11,2927.383544921875,3127.45068359375,2888.707763671875,3077.4130859375,16043881065
2022-02-12,2917.36279296875,2980.079345703125,2870.177001953125,2927.386474609375,11254355757
2022-02-13,2883.46337890625,2947.776611328125,2845.397705078125,2916.78955078125,9054963563
2022-02-14,2933.47900390625,2957.963623046875,2840.257568359375,2880.187744140625,12164552172
2022-02-15,3179.877197265625,3185.520751953125,2917.857177734375,2933.72900390625,13921257873
2022-02-16,3127.830078125,3181.616943359375,3055.168212890625,3180.44677734375,12352406833
2022-02-17,2881.48193359375,3154.615234375,2861.85205078125,3126.8583984375,15860206214
2022-02-18,2785.7275390625,2937.30859375,2761.643310546875,2884.340576171875,15748173433
2022-02-19,2763.701171875,2826.347900390625,2707.37841796875,2784.872802734375,9774183169
2022-02-20,2628.6484375,2763.756591796875,2585.9462890625,2763.756591796875,11641437834
2022-02-21,2573.816162109375,2752.45849609375,2568.25439453125,2627.66552734375,18646392740
2022-02-22,2639.29931640625,2648.916748046875,2510.6787109375,2572.898681640625,16360200507
2022-02-23,2590.359619140625,2741.368408203125,2587.412841796875,2639.447021484375,13382637240
2022-02-24,2598.067138671875,2689.047607421875,2308.914794921875,2588.166259765625,29312342666
2022-02-25,2764.53564453125,2821.972412109375,2579.2080078125,2598.436279296875,17208902048
2022-02-26,2781.11181640625,2849.424072265625,2745.009033203125,2764.989501953125,11724648351
2022-02-27,2621.8017578125,2831.12548828125,2581.61572265625,2780.50439453125,16150857254
2022-02-28,2919.201171875,2929.180419921875,2586.38818359375,2621.172119140625,19266124733
2022-03-01,2972.485107421875,3029.651611328125,2868.93896484375,2919.77587890625,18757425786
2022-03-02,2950.118408203125,3026.8681640625,2919.943115234375,2972.471923828125,16636517503
2022-03-03,2834.468994140625,2964.67333984375,2797.3193359375,2950.15673828125,13091199728
2022-03-04,2617.156005859375,2835.17626953125,2587.748291015625,2834.9873046875,14496939024
2022-03-05,2664.8310546875,2679.1025390625,2596.989990234375,2618.4736328125,8072368396
2022-03-06,2555.037353515625,2673.63720703125,2555.037353515625,2664.943603515625,8872976607
2022-03-07,2497.771240234375,2639.943115234375,2455.59375,2555.297607421875,14594098731
2022-03-08,2576.74755859375,2618.166015625,2489.755126953125,2497.721435546875,13922922903
2022-03-09,2729.783447265625,2761.79638671875,2573.6552734375,2577.165283203125,14173665398
2022-03-10,2608.048583984375,2729.116455078125,2566.193115234375,2729.116455078125,13292477213
2022-03-11,2559.56298828125,2664.55859375,2534.688232421875,2608.271240234375,12382419582
2022-03-12,2574.754150390625,2606.438720703125,2559.126953125,2559.66064453125,6532996574
2022-03-13,2518.944580078125,2594.5498046875,2503.88525390625,2573.488037109375,8632000379
2022-03-14,2590.696044921875,2604.034423828125,2505.29931640625,2518.486328125,11244398839
2022-03-15,2620.149658203125,2662.32958984375,2515.765869140625,2590.6689453125,12861105614
2022-03-16,2772.0556640625,2781.30712890625,2610.764404296875,2620.028564453125,17915109769
2022-03-17,2814.8544921875,2826.16064453125,2751.560791015625,2771.964111328125,12685265194
2022-03-18,2945.343017578125,2973.6162109375,2774.855712890625,2814.4345703125,15830879093
2022-03-19,2946.257080078125,2979.987060546875,2910.80224609375,2944.7216796875,11576463120
2022-03-20,2860.459228515625,2956.965576171875,2826.107421875,2946.547607421875,12684727326
2022-03-21,2897.9765625,2954.556640625,2838.25048828125,2860.103271484375,15206116098
2022-03-22,2973.131103515625,3040.3828125,2892.54443359375,2897.774169921875,16830539230
2022-03-23,3031.067138671875,3036.752197265625,2933.306640625,2973.14501953125,16008767658
2022-03-24,3108.06201171875,3118.3876953125,3012.32666015625,3031.060791015625,18070503166
2022-03-25,3106.67138671875,3183.9580078125,3087.49072265625,3108.448974609375,17030503831
2022-03-26,3143.178955078125,3146.825439453125,3091.825439453125,3106.4052734375,8876420740
2022-03-27,3291.57763671875,3291.57763671875,3129.997802734375,3143.795654296875,13431866834
2022-03-28,3336.634521484375,3424.019287109375,3279.027099609375,3292.322509765625,20620450770
2022-03-29,3401.98779296875,3470.186279296875,3335.021240234375,3335.021240234375,19533323636
2022-03-30,3385.157958984375,3435.2861328125,3349.237060546875,3401.526123046875,15302506131
2022-03-31,3281.642822265625,3435.12841796875,3272.9345703125,3385.289306640625,17685495686
2022-04-01,3449.55224609375,3467.555908203125,3223.891357421875,3282.576171875,20982988937
2022-04-02,3445.059326171875,3521.28466796875,3442.000244140625,3449.78857421875,23571556215
2022-04-03,3522.83349609375,3573.960205078125,3421.259765625,3444.810546875,15333808649
2022-04-04,3521.2412109375,3535.148193359375,3422.0009765625,3522.364990234375,18209969743
2022-04-05,3411.79248046875,3546.706787109375,3410.547607421875,3521.23974609375,16681503199
2022-04-06,3171.69189453125,3411.672119140625,3171.205078125,3411.672119140625,25632563639
2022-04-07,3233.274658203125,3263.474609375,3155.5810546875,3172.197265625,16745496605
2022-04-08,3192.073974609375,3301.607421875,3179.142333984375,3233.2724609375,17557050669
2022-04-09,3261.916259765625,3261.963134765625,3187.46923828125,3191.97607421875,9908112156
2022-04-10,3211.866943359375,3303.003173828125,3211.866943359375,3261.29150390625,10427054790
2022-04-11,2981.05224609375,3214.4619140625,2962.756591796875,3209.576904296875,21891804831
2022-04-12,3030.37646484375,3077.45263671875,2957.872314453125,2981.420654296875,20235707410
2022-04-13,3118.34423828125,3123.575439453125,3006.481689453125,3029.8779296875,16088473629
2022-04-14,3019.909423828125,3139.9287109375,2988.435302734375,3117.82177734375,15821419931
2022-04-15,3040.91650390625,3044.287353515625,3001.123291015625,3020.134521484375,11256651536
2022-04-16,3062.310302734375,3074.886962890625,3016.421142578125,3041.123291015625,8766710365
2022-04-17,2993.4033203125,3075.77587890625,2989.0439453125,3061.8818359375,10463091281
2022-04-18,3057.606689453125,3062.52099609375,2893.912841796875,2993.48388671875,18629381299
2022-04-19,3104.1064453125,3125.084228515625,3035.53515625,3057.5703125,14156035096
2022-04-20,3077.745849609375,3157.8857421875,3045.288330078125,3103.93505859375,15547362265
2022-04-21,2987.480712890625,3173.451416015625,2962.410400390625,3077.829345703125,20783591093
2022-04-22,2964.835693359375,3024.8544921875,2942.358642578125,2986.938720703125,16782795477
2022-04-23,2938.114013671875,2975.32275390625,2926.740234375,2964.80224609375,9116955609
2022-04-24,2922.732666015625,2961.882080078125,2922.128662109375,2937.34716796875,9696829579
2022-04-25,3009.3935546875,3018.41552734375,2804.507080078125,2922.990234375,22332690614
2022-04-26,2808.29833984375,3026.4150390625,2786.253173828125,3008.9462890625,19052045399
2022-04-27,2888.9296875,2911.87744140625,2802.2734375,2808.64599609375,17419284041
2022-04-28,2936.94091796875,2973.135009765625,2861.821533203125,2888.849853515625,18443524633
2022-04-29,2815.601806640625,2943.44580078125,2782.435302734375,2936.776611328125,18771041399
2022-04-30,2730.186767578125,2836.82763671875,2727.40625,2815.533447265625,13520941867
2022-05-01,2827.756103515625,2838.704345703125,2728.078857421875,2729.994140625,15332730152
2022-05-02,2857.410400390625,2874.14599609375,2785.52294921875,2827.614013671875,18609741545
2022-05-03,2783.476318359375,2859.193359375,2762.11865234375,2857.15234375,13026093219
2022-05-04,2940.644775390625,2956.686767578125,2779.273681640625,2783.131103515625,18186749944
2022-05-05,2749.213134765625,2948.960693359375,2704.916259765625,2940.2265625,22642925048
2022-05-06,2694.979736328125,2754.837646484375,2645.335205078125,2748.931640625,21027599270
2022-05-07,2636.093017578125,2696.65283203125,2599.5234375,2694.991943359375,13369276367
2022-05-08,2517.4599609375,2638.83056640625,2498.43017578125,2636.121826171875,20802269935
2022-05-09,2245.430419921875,2528.258056640625,2238.062744140625,2518.50830078125,36333567678
2022-05-10,2343.510986328125,2450.76025390625,2206.7568359375,2242.650390625,38202099639
2022-05-11,2072.108642578125,2441.079345703125,2018.8555908203125,2342.754150390625,45743399154
2022-05-12,1961.7015380859375,2170.4580078125,1748.3031005859375,2072.504638671875,42463486402
2022-05-13,2014.418212890625,2139.71337890625,1941.9759521484375,1960.12255859375,24816096567
2022-05-14,2056.27392578125,2063.429931640625,1956.572998046875,2014.2806396484375,15457044616
2022-05-15,2145.706787109375,2147.1943359375,2008.1627197265625,2056.18310546875,14846088335
2022-05-16,2022.7259521484375,2145.8369140625,1988.811767578125,2145.8369140625,21459552191
2022-05-17,2090.4091796875,2113.059814453125,2015.9715576171875,2022.88232421875,18509929297
2022-05-18,1916.6561279296875,2102.32666015625,1916.6561279296875,2090.4599609375,17740965589
2022-05-19,2018.336181640625,2028.38818359375,1907.0205078125,1916.1495361328125,18734247914
2022-05-20,1961.315673828125,2054.7958984375,1926.6767578125,2018.0001220703125,15892482289
2022-05-21,1974.518310546875,1985.39599609375,1944.26513671875,1961.0179443359375,8546822406
2022-05-22,2043.170166015625,2047.19140625,1966.038818359375,1974.670654296875,10941123403
2022-05-23,1972.181884765625,2080.33349609375,1964.3865966796875,2042.3447265625,16434529708
2022-05-24,1978.9827880859375,1991.5355224609375,1920.6881103515625,1972.390869140625,13057109007
2022-05-25,1944.827880859375,2014.3695068359375,1943.9385986328125,1978.677001953125,13364545730
2022-05-26,1803.913330078125,1962.171142578125,1759.1995849609375,1945.0333251953125,23458681818
2022-05-27,1724.9228515625,1814.656494140625,1721.2647705078125,1802.5438232421875,25470760032
2022-05-28,1757.9417724609375,1757.9417724609375,1724.635986328125,1724.635986328125,23214777872
2022-05-29,1812.031005859375,1818.776611328125,1765.9373779296875,1792.1844482421875,10642556101
2022-05-30,1996.4412841796875,2005.2108154296875,1804.4560546875,1811.885986328125,19580808705
2022-05-31,1942.3280029296875,2005.490966796875,1932.35205078125,1996.4080810546875,18363115560
2022-06-01,1823.5693359375,1965.1666259765625,1776.05322265625,1942.0506591796875,21037797760
2022-06-02,1834.1505126953125,1845.31396484375,1789.6641845703125,1822.412109375,17065041354
2022-06-03,1775.07861328125,1840.058837890625,1746.509765625,1834.135009765625,14878001811
2022-06-04,1801.6094970703125,1810.2996826171875,1751.5333251953125,1775.2208251953125,8677951273
2022-06-05,1805.2049560546875,1825.859619140625,1777.13330078125,1801.8189697265625,8850385937
2022-06-06,1859.2896728515625,1915.030517578125,1804.990234375,1805.635986328125,16518471852
2022-06-07,1814.04833984375,1862.9149169921875,1729.41357421875,1859.333740234375,24020076750
2022-06-08,1793.572265625,1830.676025390625,1770.231201171875,1814.1007080078125,18041476023
2022-06-09,1789.8260498046875,1827.2930908203125,1779.8675537109375,1793.5128173828125,12013083393
2022-06-10,1665.042236328125,1797.6077880859375,1663.4339599609375,1789.68994140625,18504740451
2022-06-11,1529.6634521484375,1679.314208984375,1507.0389404296875,1665.2178955078125,21127089064
2022-06-12,1445.216552734375,1539.705078125,1436.1839599609375,1530.189697265625,23465074882
2022-06-13,1204.582763671875,1448.738037109375,1181.9482421875,1443.83544921875,45162788786
2022-06-14,1211.662841796875,1252.4718017578125,1094.701904296875,1204.5552978515625,33327826525
2022-06-15,1233.2064208984375,1236.6275634765625,1025.6842041015625,1211.365966796875,37539999450
2022-06-16,1067.730712890625,1246.140625,1058.7845458984375,1233.603515625,18907671369
2022-06-17,1086.519287109375,1112.4715576171875,1060.86767578125,1067.9876708984375,14591486540
2022-06-18,993.6367797851562,1095.1668701171875,896.1090087890625,1086.3779296875,21655406608
2022-06-19,1127.656494140625,1142.3408203125,943.1163330078125,993.400634765625,21795481981
2022-06-20,1127.6424560546875,1159.9853515625,1066.1131591796875,1127.65625,19739691429
2022-06-21,1124.8245849609375,1185.4324951171875,1112.5726318359375,1127.5118408203125,15632089439
2022-06-22,1051.421875,1126.26171875,1049.7633056640625,1125.3729248046875,15010593493
2022-06-23,1143.38671875,1146.4942626953125,1050.2196044921875,1051.329345703125,14657862919
2022-06-24,1226.8447265625,1238.616943359375,1134.5140380859375,1143.2047119140625,16981552654
2022-06-25,1243.4468994140625,1246.394287109375,1184.56201171875,1226.7247314453125,12481946184
2022-06-26,1199.8316650390625,1272.1312255859375,1199.4063720703125,1242.987548828125,12096607824
2022-06-27,1193.6806640625,1234.1807861328125,1179.79248046875,1199.713134765625,12492225250
2022-06-28,1144.5792236328125,1229.739013671875,1141.15966796875,1193.2540283203125,14023205651
2022-06-29,1098.94384765625,1152.684814453125,1092.09912109375,1144.5244140625,15386286815
2022-06-30,1067.298828125,1103.6904296875,1009.0948486328125,1099.3531494140625,16350755497
2022-07-01,1059.767333984375,1100.223876953125,1040.1507568359375,1068.3167724609375,17499453625
2022-07-02,1066.5128173828125,1073.0526123046875,1033.962158203125,1060.1212158203125,9935603640
2022-07-03,1073.7669677734375,1083.4189453125,1044.005615234375,1066.4674072265625,8557248150
2022-07-04,1151.05908203125,1152.94384765625,1048.3963623046875,1073.7943115234375,13670889311
2022-07-05,1134.541015625,1165.6827392578125,1086.8299560546875,1150.509765625,16195518291
2022-07-06,1186.9739990234375,1193.63671875,1116.24755859375,1134.822265625,15373536703
2022-07-07,1237.5933837890625,1246.8948974609375,1165.6231689453125,1186.9609375,14230795894
2022-07-08,1222.5062255859375,1262.8857421875,1200.6322021484375,1237.580322265625,16315929082
2022-07-09,1216.978271484375,1228.7679443359375,1209.3775634765625,1222.306884765625,8821353104
2022-07-10,1168.401611328125,1216.9044189453125,1157.175537109375,1216.9044189453125,10984558039
2022-07-11,1097.236572265625,1169.19384765625,1095.0028076171875,1168.1390380859375,12064180410
2022-07-12,1038.191650390625,1097.2591552734375,1038.1356201171875,1097.2591552734375,12583282453
2022-07-13,1113.587158203125,1113.587158203125,1019.2203369140625,1038.1866455078125,18302588147
2022-07-14,1191.5262451171875,1202.953369140625,1077.40576171875,1113.5157470703125,16688640823
2022-07-15,1233.129150390625,1275.7781982421875,1182.9031982421875,1191.6748046875,17411448225
2022-07-16,1352.62646484375,1377.944580078125,1195.60595703125,1232.7916259765625,18364013796
2022-07-17,1338.6357421875,1378.41748046875,1329.7633056640625,1353.205078125,16079711737
2022-07-18,1578.7178955078125,1578.7178955078125,1338.8060302734375,1338.8060302734375,27440420623
2022-07-19,1542.9752197265625,1607.0330810546875,1501.7974853515625,1578.3839111328125,27753529276
2022-07-20,1520.20068359375,1612.645751953125,1500.80322265625,1542.954345703125,22942708340
2022-07-21,1576.74951171875,1595.761962890625,1472.1854248046875,1520.37451171875,20009556587
2022-07-22,1537.4051513671875,1641.209228515625,1523.6417236328125,1576.745361328125,18926100582
2022-07-23,1549.2974853515625,1591.632568359375,1495.6781005859375,1536.4573974609375,14998811383
2022-07-24,1599.4766845703125,1654.4287109375,1548.671142578125,1549.2225341796875,17217849557
2022-07-25,1445.3834228515625,1605.3369140625,1445.3834228515625,1599.1572265625,20585056021
2022-07-26,1441.8067626953125,1445.151123046875,1362.95166015625,1445.151123046875,18238563509
2022-07-27,1636.232666015625,1636.7994384765625,1423.618896484375,1443.726806640625,23007524016
2022-07-28,1725.4681396484375,1774.576416015625,1604.8909912109375,1636.23193359375,27231399966
2022-07-29,1727.406982421875,1759.884033203125,1662.7911376953125,1725.6239013671875,23249531113
2022-07-30,1695.969482421875,1738.016845703125,1678.1080322265625,1727.0618896484375,15576977870
2022-07-31,1681.517333984375,1745.8831787109375,1672.61279296875,1695.884765625,14200735370
2022-08-01,1635.19580078125,1700.1708984375,1613.416015625,1681.445556640625,16191371176
2022-08-02,1632.9454345703125,1672.6297607421875,1567.85107421875,1634.6458740234375,20426082309
2022-08-03,1618.87451171875,1678.0982666015625,1595.634521484375,1633.05126953125,16786218830
2022-08-04,1608.205810546875,1658.5115966796875,1585.3265380859375,1618.88671875,14467440626
2022-08-05,1732.254638671875,1732.254638671875,1606.4970703125,1607.52392578125,18546491876
2022-08-06,1691.6580810546875,1744.326416015625,1691.6580810546875,1732.6611328125,11757911705
2022-08-07,1699.350830078125,1724.7891845703125,1672.908447265625,1691.7779541015625,10252090340
2022-08-08,1775.51611328125,1806.886474609375,1697.407958984375,1699.6934814453125,16841424404
2022-08-09,1703.0250244140625,1786.12255859375,1675.849853515625,1776.0712890625,16368619692
2022-08-10,1851.74267578125,1869.400634765625,1665.0904541015625,1702.906494140625,23512477984
2022-08-11,1881.22412109375,1927.939208984375,1851.828369140625,1851.828369140625,23826986482
2022-08-12,1957.2464599609375,1957.552978515625,1860.08349609375,1880.899169921875,17168141904
2022-08-13,1981.3365478515625,2013.7557373046875,1948.59521484375,1957.333984375,16038975216
2022-08-14,1936.802001953125,2022.79150390625,1919.0101318359375,1981.782470703125,14062754456
2022-08-15,1904.2281494140625,2007.2103271484375,1881.8568115234375,1936.760498046875,20349931313
2022-08-16,1878.139404296875,1910.745361328125,1862.2734375,1902.8331298828125,15637578930
2022-08-17,1832.9996337890625,1951.6756591796875,1823.5322265625,1877.934326171875,20308508124
2022-08-18,1847.0078125,1876.376953125,1826.957763671875,1833.715576171875,14999352229
2022-08-19,1612.9873046875,1847.0953369140625,1611.3388671875,1847.0953369140625,25906358731
2022-08-20,1577.0037841796875,1652.21875,1534.298828125,1612.650634765625,18334580263
2022-08-21,1619.3189697265625,1640.9365234375,1569.0465087890625,1576.5435791015625,15849221752
2022-08-22,1622.505859375,1622.77880859375,1535.0147705078125,1619.1668701171875,18557078599
2022-08-23,1662.7698974609375,1666.676513671875,1569.4285888671875,1622.9393310546875,18322041914
2022-08-24,1657.0592041015625,1686.5577392578125,1610.0992431640625,1662.6954345703125,16780932907
2022-08-25,1696.45703125,1718.1832275390625,1656.8560791015625,1657.3365478515625,14818795695
2022-08-26,1507.7828369140625,1698.56103515625,1498.771240234375,1696.3245849609375,26713710143
2022-08-27,1491.39501953125,1517.1500244140625,1454.282958984375,1508.156982421875,18120831899
2022-08-28,1430.54736328125,1505.7919921875,1430.54736328125,1491.206787109375,12823572918
2022-08-29,1553.037353515625,1556.3095703125,1427.7283935546875,1430.439453125,17965837488
2022-08-30,1523.8388671875,1600.461181640625,1480.831787109375,1553.18896484375,21835784470
2022-08-31,1553.6849365234375,1612.35888671875,1524.2864990234375,1524.2864990234375,20591680941
2022-09-01,1586.1767578125,1593.082763671875,1520.1883544921875,1553.75634765625,16434276817
2022-09-02,1577.220458984375,1643.1832275390625,1551.8779296875,1586.0179443359375,17708478709
2022-09-03,1556.8726806640625,1579.454345703125,1541.672119140625,1577.2137451171875,9516825994
2022-09-04,1577.6416015625,1578.00927734375,1543.6988525390625,1556.8958740234375,8884144998
2022-09-05,1617.1832275390625,1621.661376953125,1559.7818603515625,1577.884033203125,13060541168
2022-09-06,1561.74853515625,1680.5953369140625,1561.74853515625,1617.240234375,22946059125
2022-09-07,1629.9063720703125,1651.0511474609375,1500.013671875,1560.90673828125,19560363854
2022-09-08,1635.34765625,1655.0640869140625,1603.0638427734375,1629.80517578125,17621046717
2022-09-09,1719.08544921875,1735.809814453125,1632.8365478515625,1635.187744140625,20242323690
2022-09-10,1776.2037353515625,1784.497802734375,1710.2969970703125,1718.9613037109375,13130928217
2022-09-11,1761.800048828125,1782.7298583984375,1730.164794921875,1775.97607421875,12464301922
2022-09-12,1713.7652587890625,1778.1634521484375,1698.29345703125,1762.0848388671875,17688391310
2022-09-13,1580.7879638671875,1745.779052734375,1564.0318603515625,1713.9625244140625,23066821734
2022-09-14,1634.7550048828125,1642.1572265625,1564.0318603515625,1574.858154296875,17897150206
2022-09-15,1471.6934814453125,1648.9456787109375,1466.139404296875,1635.0830078125,26946275878
2022-09-16,1432.44775390625,1480.564208984375,1415.581298828125,1471.9283447265625,16764804299
2022-09-17,1469.74169921875,1473.0604248046875,1415.0423583984375,1432.87646484375,10798098671
2022-09-18,1335.3291015625,1469.7054443359375,1331.4947509765625,1469.7054443359375,15762284723
2022-09-19,1377.5413818359375,1388.272216796875,1287.4208984375,1335.270751953125,18712714223
2022-09-20,1324.38818359375,1381.9656982421875,1319.201416015625,1377.6190185546875,14722317220
2022-09-21,1252.6077880859375,1384.4769287109375,1229.4267578125,1324.215576171875,20643507800
2022-09-22,1327.68017578125,1336.1578369140625,1240.96826171875,1251.5673828125,18461527259
2022-09-23,1328.259521484375,1353.288330078125,1270.1983642578125,1327.481201171875,18771106339
2022-09-24,1317.9932861328125,1346.2552490234375,1312.6402587890625,1328.24462890625,12098209717
2022-09-25,1294.216796875,1333.371337890625,1275.627685546875,1317.9384765625,11802651633
2022-09-26,1335.3201904296875,1335.5263671875,1282.04931640625,1294.3861083984375,16034549271
2022-09-27,1330.127685546875,1396.8914794921875,1308.991455078125,1335.3370361328125,17870598937
2022-09-28,1337.410888671875,1351.9644775390625,1267.8692626953125,1329.5413818359375,18994979566
2022-09-29,1335.65234375,1348.107666015625,1293.193359375,1337.554443359375,13796915736
2022-09-30,1327.9786376953125,1368.743408203125,1320.3831787109375,1335.646484375,14250100093
2022-10-01,1311.6444091796875,1332.5164794921875,1306.1025390625,1328.1937255859375,6227961237
2022-10-02,1276.093505859375,1316.330078125,1275.3360595703125,1311.75341796875,7578351650
2022-10-03,1323.439208984375,1326.554443359375,1271.15087890625,1276.1634521484375,10153070907
2022-10-04,1362.1265869140625,1364.970947265625,1320.07666015625,1323.2783203125,10139774963
2022-10-05,1352.837158203125,1362.4517822265625,1320.8551025390625,1361.972900390625,9774451820
2022-10-06,1351.70947265625,1380.4049072265625,1349.449951171875,1352.806640625,12033514861
2022-10-07,1332.5169677734375,1359.328125,1321.74609375,1351.83642578125,10061619355
2022-10-08,1315.50048828125,1335.954833984375,1307.072998046875,1332.371337890625,5804676208
2022-10-09,1322.604248046875,1327.6688232421875,1309.3446044921875,1315.460205078125,5486230123
2022-10-10,1291.337646484375,1335.6627197265625,1291.337646484375,1322.61865234375,8794491050
2022-10-11,1279.57568359375,1296.27392578125,1272.7376708984375,1291.109619140625,9274845260
2022-10-12,1294.9063720703125,1303.0751953125,1277.5274658203125,1279.7322998046875,8355638578
2022-10-13,1288.1239013671875,1297.564208984375,1209.2781982421875,1294.9173583984375,17499038202
2022-10-14,1297.422119140625,1339.7447509765625,1285.3782958984375,1288.0487060546875,13113767755
2022-10-15,1274.8717041015625,1300.7459716796875,1268.468505859375,1297.305908203125,6798512624
2022-10-16,1306.296630859375,1312.634521484375,1275.0054931640625,1275.0054931640625,7491625206
2022-10-17,1331.713623046875,1335.6478271484375,1297.447265625,1306.3095703125,9401189650
2022-10-18,1310.447021484375,1339.0859375,1291.66064453125,1331.669921875,10416747806
2022-10-19,1285.7442626953125,1312.4423828125,1283.96533203125,1310.5631103515625,8350692785
2022-10-20,1283.200927734375,1307.8551025390625,1275.323974609375,1285.6602783203125,9009111996
2022-10-21,1299.9464111328125,1305.081298828125,1260.666748046875,1283.1881103515625,10412565245
2022-10-22,1314.2991943359375,1317.10107421875,1295.9468994140625,1299.90234375,7175324564
2022-10-23,1363.447021484375,1367.7607421875,1302.9088134765625,1314.24951171875,9909510925
2022-10-24,1344.99853515625,1368.425537109375,1327.85400390625,1363.4918212890625,13092820173
2022-10-25,1461.6654052734375,1509.9854736328125,1336.9788818359375,1344.7113037109375,25367291294
2022-10-26,1566.566650390625,1584.63671875,1460.4287109375,1461.1331787109375,32705548427
2022-10-27,1514.3748779296875,1574.4034423828125,1510.8167724609375,1566.8414306640625,22813499245
2022-10-28,1555.4779052734375,1568.6339111328125,1493.87109375,1514.3231201171875,19974623205
2022-10-29,1619.698486328125,1652.3822021484375,1549.983642578125,1555.274658203125,21618154775
2022-10-30,1590.7833251953125,1637.037841796875,1579.4852294921875,1619.6978759765625,13930073427
2022-10-31,1572.7144775390625,1630.452880859375,1555.9189453125,1590.4813232421875,19306919714
2022-11-01,1579.70458984375,1606.605712890625,1568.0985107421875,1572.6453857421875,14507311208
2022-11-02,1519.7117919921875,1613.41064453125,1507.2447509765625,1579.4979248046875,23254218281
2022-11-03,1531.541748046875,1556.7596435546875,1517.1016845703125,1519.724853515625,14248351007
2022-11-04,1645.0933837890625,1661.334716796875,1529.2684326171875,1531.3975830078125,20806964347
2022-11-05,1627.968017578125,1660.4864501953125,1625.9642333984375,1645.156494140625,11006973190
2022-11-06,1572.2347412109375,1634.1324462890625,1572.2347412109375,1627.901123046875,11632744705
2022-11-07,1568.59130859375,1604.475341796875,1550.41552734375,1572.0169677734375,15279963349
2022-11-08,1332.8355712890625,1574.7998046875,1259.443115234375,1568.32958984375,42048003440
2022-11-09,1100.1697998046875,1335.7435302734375,1083.28564453125,1333.1224365234375,38864492427
2022-11-10,1299.464599609375,1341.7911376953125,1093.12255859375,1100.107177734375,28581002122
2022-11-11,1287.2210693359375,1302.2952880859375,1211.32958984375,1298.8824462890625,20920539099
2022-11-12,1255.268310546875,1288.15087890625,1242.1522216796875,1287.4383544921875,10964962767
2022-11-13,1221.8192138671875,1271.7125244140625,1208.52099609375,1255.4412841796875,10717455214
2022-11-14,1241.604248046875,1284.2176513671875,1178.4290771484375,1221.8955078125,15028035663
2022-11-15,1251.7362060546875,1283.19873046875,1238.688232421875,1241.677734375,11798011594
2022-11-16,1215.6025390625,1264.486328125,1192.98779296875,1251.808837890625,11939561598
2022-11-17,1200.80859375,1224.9656982421875,1189.1527099609375,1215.8486328125,9723646871
2022-11-18,1212.30029296875,1226.7374267578125,1200.8021240234375,1200.8021240234375,7979913378
2022-11-19,1218.4267578125,1227.8372802734375,1200.4755859375,1212.2154541015625,5978745776
2022-11-20,1142.4666748046875,1224.0777587890625,1137.9332275390625,1218.436279296875,9651002684
2022-11-21,1108.35302734375,1142.395751953125,1084.8572998046875,1142.395751953125,14080099208
2022-11-22,1135.1734619140625,1136.442626953125,1081.13818359375,1107.89599609375,12040670755
2022-11-23,1183.1995849609375,1184.997314453125,1130.0228271484375,1135.4215087890625,11242676044
2022-11-24,1203.983154296875,1211.62744140625,1180.3797607421875,1183.3450927734375,9706372376
2022-11-25,1198.9259033203125,1203.7994384765625,1174.8233642578125,1203.7994384765625,5483308196
2022-11-26,1205.89794921875,1227.0380859375,1198.097900390625,1198.79052734375,5074160558
2022-11-27,1195.126953125,1220.3494873046875,1195.0390625,1205.9052734375,4486976868
2022-11-28,1170.086181640625,1198.7376708984375,1156.0625,1194.9603271484375,7275411870
2022-11-29,1216.9012451171875,1222.1641845703125,1163.4775390625,1169.8743896484375,7639405818
2022-11-30,1295.6885986328125,1302.0386962890625,1215.4979248046875,1216.9287109375,9836925304
2022-12-01,1276.27392578125,1295.9998779296875,1267.70849609375,1295.76953125,6857935276
2022-12-02,1294.3033447265625,1294.3033447265625,1269.2431640625,1276.32861328125,6213645709
2022-12-03,1243.3348388671875,1299.84033203125,1241.431884765625,1294.45654296875,5672609405
2022-12-04,1280.256591796875,1281.4923095703125,1242.9117431640625,1243.21923828125,5174128454
2022-12-05,1259.6767578125,1302.237548828125,1252.472412109375,1279.9989013671875,6120359523
2022-12-06,1271.65380859375,1271.9232177734375,1247.6298828125,1259.854248046875,5089212680
2022-12-07,1232.4375,1272.694091796875,1224.447998046875,1271.5531005859375,5752205180
2022-12-08,1281.1163330078125,1286.229736328125,1226.3585205078125,1232.4517822265625,6227269815
2022-12-09,1264.2847900390625,1290.055419921875,1260.8187255859375,1281.0772705078125,5706183865
2022-12-10,1266.3841552734375,1279.5279541015625,1262.119873046875,1264.37548828125,3282499999
2022-12-11,1263.8685302734375,1281.783203125,1260.6636962890625,1266.4178466796875,3362005848
2022-12-12,1274.6190185546875,1275.6103515625,1243.477783203125,1263.573486328125,5151109364
2022-12-13,1320.5491943359375,1341.4393310546875,1258.472412109375,1274.6624755859375,8812883119
2022-12-14,1309.3287353515625,1346.1744384765625,1305.8333740234375,1320.6885986328125,7830915428
2022-12-15,1266.3538818359375,1311.067138671875,1262.6893310546875,1309.1907958984375,6032859783
2022-12-16,1168.2593994140625,1278.156982421875,1162.1756591796875,1266.4605712890625,9297811507
2022-12-17,1188.1495361328125,1189.0450439453125,1165.4078369140625,1168.0667724609375,5077258586
2022-12-18,1184.7152099609375,1194.2144775390625,1176.185791015625,1188.1285400390625,3350092519
2022-12-19,1167.60986328125,1192.923828125,1160.377197265625,1184.75830078125,4943628091
2022-12-20,1217.70361328125,1224.0926513671875,1165.5994873046875,1167.8826904296875,6684951715
2022-12-21,1213.5999755859375,1218.1922607421875,1206.4400634765625,1217.58642578125,4217182733
2022-12-22,1218.18212890625,1221.98681640625,1187.1278076171875,1213.672607421875,5297471739
2022-12-23,1220.159423828125,1226.998779296875,1215.994873046875,1218.079345703125,4835831923
2022-12-24,1221.1485595703125,1224.91162109375,1216.3387451171875,1220.117919921875,2626153345
2022-12-25,1218.9620361328125,1223.517822265625,1203.7196044921875,1221.1715087890625,3942720070
2022-12-26,1226.974365234375,1226.974365234375,1214.3359375,1218.920166015625,3282098400
2022-12-27,1212.7916259765625,1230.4180908203125,1205.8956298828125,1226.987060546875,4091530737
2022-12-28,1189.986083984375,1213.12890625,1185.7021484375,1212.736572265625,4991669631
2022-12-29,1201.5953369140625,1204.1416015625,1188.3602294921875,1190.0101318359375,4132233940
2022-12-30,1199.2327880859375,1202.03466796875,1187.4625244140625,1201.569580078125,4055668253
2022-12-31,1196.771240234375,1205.088623046875,1194.2037353515625,1199.360107421875,3018513333
